-- phpMyAdmin SQL Dump
-- version 5.2.2
-- https://www.phpmyadmin.net/
--
-- Хост: MySql-8.4
-- Время создания: Июн 02 2025 г., 17:40
-- Версия сервера: 8.4.4
-- Версия PHP: 8.4.1

SET SQL_MODE = "NO_AUTO_VALUE_ON_ZERO";
START TRANSACTION;
SET time_zone = "+00:00";


/*!40101 SET @OLD_CHARACTER_SET_CLIENT=@@CHARACTER_SET_CLIENT */;
/*!40101 SET @OLD_CHARACTER_SET_RESULTS=@@CHARACTER_SET_RESULTS */;
/*!40101 SET @OLD_COLLATION_CONNECTION=@@COLLATION_CONNECTION */;
/*!40101 SET NAMES utf8mb4 */;

--
-- База данных: `cabinet`
--

DELIMITER $$
--
-- Процедуры
--
CREATE DEFINER=`root`@`%` PROCEDURE `view_detail_act` (IN `act_id` BIGINT UNSIGNED)   BEGIN
SELECT detail_act.num, detail_act.registry_number, detail_act.date, 
       detail_act.placement_amount, detail_act.operator_payment, detail_act.commission_percentage, 
       detail_act.commission_amount , orgs.name
       FROM detail_act, orgs
       WHERE detail_act.act_id= act_id and  orgs.id = detail_act.org_id
       order by detail_act.num;

END$$

DELIMITER ;

-- --------------------------------------------------------

--
-- Структура таблицы `acts`
--

CREATE TABLE `acts` (
  `id` bigint NOT NULL,
  `partner_id` bigint NOT NULL,
  `date` date NOT NULL,
  `status` int NOT NULL COMMENT '0-3'
) ENGINE=InnoDB DEFAULT CHARSET=utf8mb4 COLLATE=utf8mb4_0900_ai_ci COMMENT='Таблица актов принадлежащий партнерам';

--
-- Дамп данных таблицы `acts`
--

INSERT INTO `acts` (`id`, `partner_id`, `date`, `status`) VALUES
(1, 2, '2025-01-01', 0),
(2, 3, '2025-01-02', 1),
(3, 4, '2025-01-03', 2),
(4, 5, '2025-01-04', 3),
(5, 6, '2025-01-05', 4),
(6, 7, '2025-01-06', 0),
(7, 8, '2025-01-07', 1),
(8, 9, '2025-01-08', 2),
(9, 10, '2025-01-09', 3),
(10, 2, '2025-01-10', 4),
(11, 3, '2025-01-11', 0),
(12, 4, '2025-01-12', 1),
(13, 5, '2025-01-13', 2),
(14, 6, '2025-01-14', 3),
(15, 7, '2025-01-15', 4),
(16, 8, '2025-01-16', 0),
(17, 9, '2025-01-17', 1),
(18, 10, '2025-01-18', 2),
(19, 2, '2025-01-19', 3),
(20, 3, '2025-01-20', 4),
(21, 4, '2025-01-21', 0),
(22, 5, '2025-01-22', 1),
(23, 6, '2025-01-23', 2),
(24, 7, '2025-01-24', 3),
(25, 8, '2025-01-25', 4),
(26, 9, '2025-01-26', 0),
(27, 10, '2025-01-27', 1),
(28, 2, '2025-01-28', 2),
(29, 3, '2025-01-29', 3),
(30, 4, '2025-01-30', 4),
(31, 5, '2025-01-31', 0),
(32, 6, '2025-02-01', 1),
(33, 7, '2025-02-02', 2),
(34, 8, '2025-02-03', 3),
(35, 9, '2025-02-04', 4),
(36, 10, '2025-02-05', 0),
(37, 2, '2025-02-06', 1),
(38, 3, '2025-02-07', 2),
(39, 4, '2025-02-08', 3),
(40, 5, '2025-02-09', 4),
(41, 6, '2025-02-10', 0),
(42, 7, '2025-02-11', 1),
(43, 8, '2025-02-12', 2),
(44, 9, '2025-02-13', 3),
(45, 10, '2025-02-14', 4),
(46, 2, '2025-02-15', 0),
(47, 3, '2025-02-16', 1),
(48, 4, '2025-02-17', 2),
(49, 5, '2025-02-18', 3),
(50, 6, '2025-02-19', 4),
(51, 7, '2025-02-20', 0),
(52, 8, '2025-02-21', 1),
(53, 9, '2025-02-22', 2),
(54, 10, '2025-02-23', 3),
(55, 2, '2025-02-24', 4),
(56, 3, '2025-02-25', 0),
(57, 4, '2025-02-26', 1),
(58, 5, '2025-02-27', 2),
(59, 6, '2025-02-28', 3),
(60, 7, '2025-03-01', 4),
(61, 8, '2025-03-02', 0),
(62, 9, '2025-03-03', 1),
(63, 10, '2025-03-04', 2),
(64, 2, '2025-03-05', 3),
(65, 3, '2025-03-06', 4),
(66, 4, '2025-03-07', 0),
(67, 5, '2025-03-08', 1),
(68, 6, '2025-03-09', 2),
(69, 7, '2025-03-10', 3),
(70, 8, '2025-03-11', 4),
(71, 9, '2025-03-12', 0),
(72, 10, '2025-03-13', 1),
(73, 2, '2025-03-14', 2),
(74, 3, '2025-03-15', 3),
(75, 4, '2025-03-16', 4),
(76, 5, '2025-03-17', 0),
(77, 6, '2025-03-18', 1),
(78, 7, '2025-03-19', 2),
(79, 8, '2025-03-20', 3),
(80, 9, '2025-03-21', 4),
(81, 10, '2025-03-22', 0),
(82, 2, '2025-03-23', 1),
(83, 3, '2025-03-24', 2),
(84, 4, '2025-03-25', 3),
(85, 5, '2025-03-26', 4),
(86, 6, '2025-03-27', 0),
(87, 7, '2025-03-28', 1),
(88, 8, '2025-03-29', 2),
(89, 9, '2025-03-30', 3),
(90, 10, '2025-03-31', 4),
(91, 2, '2025-04-01', 0),
(92, 3, '2025-04-02', 1),
(93, 4, '2025-04-03', 2),
(94, 5, '2025-04-04', 3),
(95, 6, '2025-04-05', 4),
(96, 7, '2025-04-06', 0),
(97, 8, '2025-04-07', 1),
(98, 9, '2025-04-08', 2),
(99, 10, '2025-04-09', 3),
(100, 2, '2025-04-10', 4);

-- --------------------------------------------------------

--
-- Структура таблицы `detail_act`
--

CREATE TABLE `detail_act` (
  `id` bigint UNSIGNED NOT NULL,
  `act_id` bigint UNSIGNED NOT NULL COMMENT 'ID акта',
  `org_id` bigint UNSIGNED NOT NULL COMMENT 'ID организации',
  `num` int NOT NULL COMMENT 'Порядковый номер в акте',
  `registry_number` varchar(12) CHARACTER SET utf8mb4 COLLATE utf8mb4_0900_ai_ci NOT NULL COMMENT 'Реестровый номер',
  `date` date NOT NULL COMMENT 'Дата акта',
  `placement_amount` double NOT NULL COMMENT 'Сумма размещения',
  `operator_payment` double NOT NULL COMMENT 'Платеж оператора',
  `commission_percentage` int NOT NULL COMMENT 'Комиссия, %',
  `commission_amount` double NOT NULL COMMENT 'Сумма комиссии'
) ENGINE=InnoDB DEFAULT CHARSET=utf8mb4 COLLATE=utf8mb4_0900_ai_ci COMMENT='Детализация актов';

--
-- Дамп данных таблицы `detail_act`
--

INSERT INTO `detail_act` (`id`, `act_id`, `org_id`, `num`, `registry_number`, `date`, `placement_amount`, `operator_payment`, `commission_percentage`, `commission_amount`) VALUES
(1, 1, 1, 1, '32514649995', '2025-05-01', 514376.41, 10287.53, 55, 5658),
(2, 1, 5, 2, '32514649996', '2025-05-02', 214376.41, 4287.53, 32, 1370),
(3, 1, 12, 3, '32514649997', '2025-05-03', 314376.41, 6287.53, 13, 408),
(4, 2, 3, 1, '32514649998', '2025-05-04', 123456.78, 2469.14, 41, 1012),
(5, 2, 14, 2, '32514649999', '2025-05-05', 234567.89, 4691.36, 36, 1688),
(6, 3, 7, 1, '32514650000', '2025-05-06', 345678.9, 6913.58, 47, 3249),
(7, 3, 16, 2, '32514650001', '2025-05-07', 456789.01, 9135.78, 44, 4020),
(8, 4, 2, 1, '32514650002', '2025-05-08', 567890.12, 11357.8, 19, 2158),
(9, 4, 11, 2, '32514650003', '2025-05-09', 678901.23, 13578.02, 49, 6654),
(10, 4, 21, 3, '32514650004', '2025-05-10', 789012.34, 15780.25, 31, 4894),
(11, 5, 6, 1, '32514650005', '2025-05-11', 890123.45, 17802.47, 22, 3916),
(12, 5, 13, 2, '32514650006', '2025-05-12', 901234.56, 18024.69, 24, 4323),
(13, 6, 4, 1, '32514650007', '2025-05-13', 12345.67, 246.91, 15, 37),
(14, 6, 15, 2, '32514650008', '2025-05-14', 23456.78, 469.14, 17, 80),
(15, 7, 9, 1, '32514650009', '2025-05-15', 34567.89, 691.36, 28, 194),
(16, 7, 20, 2, '32514650010', '2025-05-16', 45678.9, 913.58, 18, 164),
(17, 8, 10, 1, '32514650011', '2025-05-17', 56789.01, 1135.78, 33, 375),
(18, 8, 18, 2, '32514650012', '2025-05-18', 67890.12, 1357.8, 29, 394),
(19, 9, 6, 1, '32514650013', '2025-05-19', 78901.23, 1578.02, 22, 347),
(20, 9, 13, 2, '32514650014', '2025-05-20', 89012.34, 1780.25, 24, 427),
(21, 9, 22, 3, '32514650015', '2025-05-21', 90123.45, 1802.47, 14, 252),
(22, 10, 1, 1, '32514650016', '2025-05-22', 123456.78, 2469.14, 32, 789),
(23, 10, 5, 2, '32514650017', '2025-05-23', 234567.89, 4691.36, 37, 1735),
(24, 10, 12, 3, '32514650018', '2025-05-24', 345678.9, 6913.58, 13, 449),
(25, 10, 19, 4, '32514650019', '2025-05-25', 456789.01, 9135.78, 46, 4201),
(26, 11, 3, 1, '32514650020', '2025-05-26', 567890.12, 11357.8, 41, 4659),
(27, 11, 14, 2, '32514650021', '2025-05-27', 678901.23, 13578.02, 36, 4896),
(28, 12, 7, 1, '32514650022', '2025-05-28', 789012.34, 15780.25, 47, 7410),
(29, 12, 16, 2, '32514650023', '2025-05-29', 890123.45, 17802.47, 44, 7833),
(30, 13, 2, 1, '32514650024', '2025-05-30', 901234.56, 18024.69, 19, 3423),
(31, 13, 11, 2, '32514650025', '2025-05-31', 12345.67, 246.91, 49, 151),
(32, 13, 21, 3, '32514650026', '2025-06-01', 23456.78, 469.14, 31, 145),
(33, 14, 6, 1, '32514650027', '2025-06-02', 34567.89, 691.36, 22, 152),
(34, 14, 13, 2, '32514650028', '2025-06-03', 45678.9, 913.58, 24, 219),
(35, 14, 22, 3, '32514650029', '2025-06-04', 56789.01, 1135.78, 14, 159),
(36, 15, 4, 1, '32514650030', '2025-06-05', 67890.12, 1357.8, 15, 203),
(37, 15, 15, 2, '32514650031', '2025-06-06', 78901.23, 1578.02, 17, 268),
(38, 16, 9, 1, '32514650032', '2025-06-07', 89012.34, 1780.25, 28, 498),
(39, 16, 20, 2, '32514650033', '2025-06-08', 90123.45, 1802.47, 18, 324),
(40, 17, 10, 1, '32514650034', '2025-06-09', 123456.78, 2469.14, 33, 1015),
(41, 17, 18, 2, '32514650035', '2025-06-10', 234567.89, 4691.36, 29, 1360),
(42, 18, 6, 1, '32514650036', '2025-06-11', 345678.9, 6913.58, 22, 1521),
(43, 18, 13, 2, '32514650037', '2025-06-12', 456789.01, 9135.78, 24, 2193),
(44, 18, 22, 3, '32514650038', '2025-06-13', 567890.12, 11357.8, 14, 1589),
(45, 19, 1, 1, '32514650039', '2025-06-14', 678901.23, 13578.02, 32, 4345),
(46, 19, 5, 2, '32514650040', '2025-06-15', 789012.34, 15780.25, 37, 5839),
(47, 19, 12, 3, '32514650041', '2025-06-16', 890123.45, 17802.47, 13, 2314),
(48, 19, 19, 4, '32514650042', '2025-06-17', 901234.56, 18024.69, 46, 8291),
(49, 20, 3, 1, '32514650043', '2025-06-18', 12345.67, 246.91, 41, 202),
(50, 20, 14, 2, '32514650044', '2025-06-19', 23456.78, 469.14, 36, 211),
(51, 21, 7, 1, '32514650045', '2025-06-20', 34567.89, 691.36, 47, 1625),
(52, 21, 16, 2, '32514650046', '2025-06-21', 45678.9, 913.58, 44, 2010),
(53, 22, 2, 1, '32514650047', '2025-06-22', 56789.01, 1135.78, 19, 215),
(54, 22, 11, 2, '32514650048', '2025-06-23', 67890.12, 1357.8, 49, 665),
(55, 22, 21, 3, '32514650049', '2025-06-24', 78901.23, 1578.02, 31, 489),
(56, 23, 6, 1, '32514650050', '2025-06-25', 89012.34, 1780.25, 22, 391),
(57, 23, 13, 2, '32514650051', '2025-06-26', 90123.45, 1802.47, 24, 432),
(58, 24, 4, 1, '32514650052', '2025-06-27', 123456.78, 2469.14, 15, 370),
(59, 24, 15, 2, '32514650053', '2025-06-28', 234567.89, 4691.36, 17, 798),
(60, 25, 9, 1, '32514650054', '2025-06-29', 345678.9, 6913.58, 28, 1938),
(61, 25, 20, 2, '32514650055', '2025-06-30', 456789.01, 9135.78, 18, 1644),
(62, 26, 10, 1, '32514650056', '2025-07-01', 567890.12, 11357.8, 33, 3750),
(63, 26, 18, 2, '32514650057', '2025-07-02', 678901.23, 13578.02, 29, 3940),
(64, 27, 6, 1, '32514650058', '2025-07-03', 789012.34, 15780.25, 22, 3470),
(65, 27, 13, 2, '32514650059', '2025-07-04', 890123.45, 17802.47, 24, 4272),
(66, 27, 22, 3, '32514650060', '2025-07-05', 901234.56, 18024.69, 14, 2523),
(67, 28, 1, 1, '32514650061', '2025-07-06', 12345.67, 246.91, 32, 789),
(68, 28, 5, 2, '32514650062', '2025-07-07', 23456.78, 469.14, 37, 1735),
(69, 29, 3, 1, '32514650063', '2025-07-08', 34567.89, 691.36, 41, 2832),
(70, 29, 14, 2, '32514650064', '2025-07-09', 45678.9, 913.58, 36, 3290),
(71, 30, 7, 1, '32514650065', '2025-07-10', 56789.01, 1135.78, 47, 5338),
(72, 30, 16, 2, '32514650066', '2025-07-11', 67890.12, 1357.8, 44, 5976),
(73, 31, 2, 1, '32514650067', '2025-07-12', 78901.23, 1578.02, 19, 3000),
(74, 31, 11, 2, '32514650068', '2025-07-13', 89012.34, 1780.25, 49, 8726),
(75, 31, 21, 3, '32514650069', '2025-07-14', 90123.45, 1802.47, 31, 5588),
(76, 32, 6, 1, '32514650070', '2025-07-15', 123456.78, 2469.14, 22, 5432),
(77, 32, 13, 2, '32514650071', '2025-07-16', 234567.89, 4691.36, 24, 11260),
(78, 33, 4, 1, '32514650072', '2025-07-17', 345678.9, 6913.58, 15, 10356),
(79, 33, 15, 2, '32514650073', '2025-07-18', 456789.01, 9135.78, 17, 15529),
(80, 34, 9, 1, '32514650074', '2025-07-19', 567890.12, 11357.8, 28, 31802);

-- --------------------------------------------------------

--
-- Структура таблицы `orgs`
--

CREATE TABLE `orgs` (
  `id` bigint NOT NULL,
  `id_partner` bigint NOT NULL,
  `name` varchar(200) NOT NULL,
  `inn` varchar(12) NOT NULL,
  `kpp` varchar(9) CHARACTER SET utf8mb4 COLLATE utf8mb4_0900_ai_ci DEFAULT NULL,
  `status` int NOT NULL COMMENT 'от 0-3',
  `percent` int NOT NULL
) ENGINE=InnoDB DEFAULT CHARSET=utf8mb4 COLLATE=utf8mb4_0900_ai_ci;

--
-- Дамп данных таблицы `orgs`
--

INSERT INTO `orgs` (`id`, `id_partner`, `name`, `inn`, `kpp`, `status`, `percent`) VALUES
(1, 2, 'МАДОУ ДС № 16 \"СНЕЖИНКА\"', '8609015417', '102860146', 1, 32),
(2, 5, 'ООО \"КАШКАДАН\"', '8645014448', '024589357', 3, 19),
(3, 3, 'ООО \"ТЕХНОПРОГРЕСС\"', '7705123456', '770501001', 1, 41),
(4, 7, 'АО \"СТРОЙИНВЕСТ\"', '7734567890', '773401002', 2, 15),
(5, 2, 'МБОУ \"ЛИЦЕЙ №15\"', '5256012345', '525601001', 1, 37),
(6, 10, 'ООО \"АГРОТЕХ\"', '3666067890', '366601234', 3, 22),
(7, 4, 'ПАО \"ЭНЕРГОБАНК\"', '4455123456', '445501001', 1, 47),
(8, 6, 'ИП СМИРНОВ А.В.', '401712345678', NULL, 2, 11),
(9, 8, 'ООО \"МЕДТЕХНИКА\"', '3444123456', '344401001', 1, 28),
(10, 9, 'МАУ ДО \"ДВОРЕЦ ТВОРЧЕСТВА\"', '2801123456', '280101001', 1, 33),
(11, 5, 'АО \"ТРАНСНЕФТЬ-СИБИРЬ\"', '7201234567', '720301001', 3, 49),
(12, 2, 'ООО \"ФАРМСТАНДАРТ\"', '7728123456', '772801001', 1, 13),
(13, 10, 'МБДОУ ДЕТСКИЙ САД №45', '2308123456', '230801001', 1, 24),
(14, 3, 'ООО \"СТРОЙГАЗМОНТАЖ\"', '7731123456', '773101001', 2, 36),
(15, 7, 'ИП КОЗЛОВА Е.С.', '410512345678', NULL, 1, 17),
(16, 4, 'ООО \"ТЕЛЕКОМСЕРВИС\"', '7840123456', '784001001', 3, 44),
(17, 6, 'ГБОУ ШКОЛА №1250', '7719123456', '771901001', 1, 39),
(18, 9, 'ООО \"ПРОДТОРГ\"', '5027123456', '502701001', 2, 29),
(19, 2, 'АО \"АВТОВАЗ\"', '6320001234', '632001001', 1, 46),
(20, 8, 'МУЗ \"ГОРОДСКАЯ БОЛЬНИЦА №1\"', '5256123456', '525601001', 1, 18),
(21, 5, 'ООО \"СИБНЕФТЬ\"', '5401234567', '540101001', 3, 31),
(22, 10, 'ИП ПЕТРОВ И.И.', '410212345678', NULL, 1, 14);

-- --------------------------------------------------------

--
-- Структура таблицы `users`
--

CREATE TABLE `users` (
  `id` bigint UNSIGNED NOT NULL,
  `is_admin` int NOT NULL COMMENT 'валяется ли администратором',
  `login` varchar(50) NOT NULL,
  `email` varchar(50) NOT NULL,
  `pass` varchar(50) NOT NULL,
  `name` varchar(100) NOT NULL,
  `dog_num` varchar(20) NOT NULL,
  `dog_beg_date` date NOT NULL,
  `dog_end_date` date NOT NULL,
  `phone` varchar(20) NOT NULL,
  `bank_name` varchar(200) NOT NULL,
  `bank_bik` varchar(9) NOT NULL,
  `bank_ks` varchar(20) NOT NULL,
  `bank_rs` varchar(20) NOT NULL
) ENGINE=InnoDB DEFAULT CHARSET=utf8mb4 COLLATE=utf8mb4_0900_ai_ci COMMENT='Таблица пользователей (партнеров и администраторов)';

--
-- Дамп данных таблицы `users`
--

INSERT INTO `users` (`id`, `is_admin`, `login`, `email`, `pass`, `name`, `dog_num`, `dog_beg_date`, `dog_end_date`, `phone`, `bank_name`, `bank_bik`, `bank_ks`, `bank_rs`) VALUES
(1, 1, 'Admin', 'admin@gmail.com', '1111', 'Королева Алевтина Ивановна', '123/456', '2025-01-01', '2025-12-31', '+7(927)785-22-55', 'АКБ «Абсолют Банк» (ПАО)', '044525976', '30101810500000000976', '40817810099910004312'),
(2, 0, 'User', 'user@gmail.com', '1111', 'Большаков Давид Тихонович', '321/456', '2025-01-01', '2025-12-31', '+7(917)532-45-12', 'ПАО «АК БАРС» БАНК', '049205805', '30101810000000000805', '40702810680060657001'),
(3, 0, 'IvanovI', 'ivanov@mail.ru', 'qwerty', 'Иванов Иван Сергеевич', '789/123', '2025-03-15', '2026-03-15', '+7(987)654-32-10', 'ПАО Сбербанк', '044525225', '30101810400000000225', '40817810700012345678'),
(4, 0, 'PetrovaM', 'petrova@yandex.ru', '123456', 'Петрова Мария Владимировна', '456/789', '2025-02-01', '2026-02-01', '+7(917)123-45-67', 'ВТБ (ПАО)', '044525187', '30101810700000000187', '40701810000001122334'),
(5, 0, 'SidorovA', 'sidorov@gmail.com', 'asdfgh', 'Сидоров Алексей Петрович', '987/654', '2025-05-10', '2026-05-10', '+7(927)987-65-43', 'АО «Райффайзенбанк»', '044525700', '30101810200000000700', '40817810500009876543'),
(6, 0, 'KuznetsovaE', 'kuznetsova@mail.ru', 'zxcvbn', 'Кузнецова Елена Дмитриевна', '654/321', '2025-04-20', '2026-04-20', '+7(917)555-44-33', 'ПАО «Промсвязьбанк»', '044525555', '30101810400000000555', '40701810600001112222'),
(7, 0, 'FedorovD', 'fedorov@yandex.ru', 'password', 'Федоров Дмитрий Николаевич', '222/333', '2025-01-05', '2026-01-05', '+7(927)111-22-33', 'АО «Тинькофф Банк»', '044525974', '30101810145250000974', '40817810700003334455'),
(8, 0, 'SmirnovaO', 'smirnova@gmail.com', 'olga123', 'Смирнова Ольга Васильевна', '555/666', '2024-12-12', '2025-12-12', '+7(917)999-88-77', 'ПАО «МОСКОВСКИЙ КРЕДИТНЫЙ БАНК»', '044525092', '30101810300000000092', '40701810200005556677'),
(9, 0, 'NikolaevA', 'nikolaev@mail.ru', 'artem123', 'Николаев Артем Игоревич', '777/888', '2025-03-03', '2026-03-03', '+7(927)333-44-55', 'ПАО «РОСБАНК»', '044525256', '30101810000000000256', '40702810400007778899'),
(10, 0, 'VolkovaA', 'volkova@yandex.ru', 'anna2025', 'Волкова Анна Михайловна', '999/000', '2025-06-25', '2026-06-25', '+7(917)777-66-55', 'ПАО «Совкомбанк»', '044525341', '30101810400000000341', '40701810500009990000');

--
-- Индексы сохранённых таблиц
--

--
-- Индексы таблицы `acts`
--
ALTER TABLE `acts`
  ADD UNIQUE KEY `id_id[` (`id`),
  ADD KEY `partner_id_idx` (`partner_id`);

--
-- Индексы таблицы `detail_act`
--
ALTER TABLE `detail_act`
  ADD UNIQUE KEY `act_detail_id_idx` (`id`);

--
-- Индексы таблицы `orgs`
--
ALTER TABLE `orgs`
  ADD UNIQUE KEY `id_idx` (`id`),
  ADD KEY `id_partner_idx` (`id`,`id_partner`);

--
-- Индексы таблицы `users`
--
ALTER TABLE `users`
  ADD KEY `id` (`id`);
COMMIT;

/*!40101 SET CHARACTER_SET_CLIENT=@OLD_CHARACTER_SET_CLIENT */;
/*!40101 SET CHARACTER_SET_RESULTS=@OLD_CHARACTER_SET_RESULTS */;
/*!40101 SET COLLATION_CONNECTION=@OLD_COLLATION_CONNECTION */;
